id,title,user_uuid,content,image_url,is_public,created_at,updated_at
1,í™ˆíŠ¸ë ˆì´ë‹ 30ì¼ ë„ì „ ì‹œì‘!,123e4567-e89b-12d3-a456-426614170004,"í™ˆíŠ¸ë ˆì´ë‹ 30ì¼ ë„ì „ì„ ì‹œì‘í–ˆìŠµë‹ˆë‹¤. ì§‘ì—ì„œë„ ì¶©ë¶„íˆ ì¢‹ì€ ìš´ë™ì´ ê°€ëŠ¥í•˜ë‹¤ëŠ” ê±¸ ë³´ì—¬ë“œë¦´ê²Œìš”!",https://images.unsplash.com/photo-1571019613454-1cb2f99b2d8b?w=800&h=600&fit=crop,true,2025-06-04T10:00:00.000Z,2025-06-04T10:00:00.000Z
2,ì˜¤ëŠ˜ì˜ í™ˆíŠ¸ ì™„ë£Œ!,123e4567-e89b-12d3-a456-426614170011,"ì˜¤ëŠ˜ ì§‘ì—ì„œ í™ˆíŠ¸ë¡œ ë•€ì„ ì«™ ëºì–´ìš”. ë‚´ì¼ë„ í™”ì´íŒ…!","https://plus.unsplash.com/premium_photo-1671028547976-4b1e3300a350?q=80&w=3870&auto=format&fit=crop&ixlib=rb-4.1.0&ixid=M3wxMjA3fDB8MHxwaG90by1wYWdlfHx8fGVufDB8fHx8fA%3D%3D",true,2025-06-04T11:00:00.000Z,2025-06-04T11:00:00.000Z
3,ì§‘ì—ì„œ í•˜ëŠ” ì „ì‹ ìš´ë™,123e4567-e89b-12d3-a456-426614170018,"ê°„ë‹¨í•œ ë™ì‘ìœ¼ë¡œë„ ì¶©ë¶„íˆ ìš´ë™ íš¨ê³¼ë¥¼ ë³¼ ìˆ˜ ìˆë„¤ìš”.","https://images.unsplash.com/photo-1734873477108-6837b02f2b9d?q=80&w=3468&auto=format&fit=crop&ixlib=rb-4.1.0&ixid=M3wxMjA3fDB8MHxwaG90by1wYWdlfHx8fGVufDB8fHx8fA%3D%3D",true,2025-06-04T12:00:00.000Z,2025-06-04T12:00:00.000Z
4,í™ˆíŠ¸ë¡œ ì²´ë ¥ ê¸°ë¥´ê¸°,123e4567-e89b-12d3-a456-426614170025,"í™ˆíŠ¸ë¡œ ì²´ë ¥ì´ ì ì  ì¢‹ì•„ì§€ëŠ” ê²Œ ëŠê»´ì§‘ë‹ˆë‹¤.","https://plus.unsplash.com/premium_photo-1664300607508-f8fce5d434b4?q=80&w=3870&auto=format&fit=crop&ixlib=rb-4.1.0&ixid=M3wxMjA3fDB8MHxwaG90by1wYWdlfHx8fGVufDB8fHx8fA%3D%3D",true,2025-06-04T13:00:00.000Z,2025-06-04T13:00:00.000Z
5,í™ˆíŠ¸ ì¸ì¦ìƒ· ê³µìœ ,123e4567-e89b-12d3-a456-426614170032,"ë§¤ì¼ ê¾¸ì¤€íˆ í™ˆíŠ¸í•˜ëŠ” ìŠµê´€ì„ ë“¤ì´ê³  ìˆì–´ìš”.","https://plus.unsplash.com/premium_photo-1664476325264-f1dab37eaa7a?q=80&w=3871&auto=format&fit=crop&ixlib=rb-4.1.0&ixid=M3wxMjA3fDB8MHxwaG90by1wYWdlfHx8fGVufDB8fHx8fA%3D%3D",true,2025-06-04T14:00:00.000Z,2025-06-04T14:00:00.000Z
6,ì²˜ìŒ í—¬ìŠ¤ì¥ ë“±ë¡í–ˆìŠµë‹ˆë‹¤ !,123e4567-e89b-12d3-a456-426614170000,"ìƒˆë¡œ ìƒê¸´ í—¬ìŠ¤ì¥ì´ë¼ ê·¸ëŸ°ì§€ ê¹”ê¼¼í•˜ë„¤ìš” í•œ ë²ˆ ì—´ì‹¬íˆ í•´ë³´ê² ìŠµë‹ˆë‹¤. ğŸ”¥",https://images.unsplash.com/photo-1540497077202-7c8a3999166f?w=800&h=600&fit=crop,true,2025-06-04T15:00:00.000Z,2025-06-04T15:00:00.000Z
7,ì›¨ì´íŠ¸ íŠ¸ë ˆì´ë‹ ë£¨í‹´ ì¶”ì²œë°›ì•„ìš”,123e4567-e89b-12d3-a456-426614170014,"ì˜¤ëŠ˜ì€ í•˜ì²´ ìœ„ì£¼ë¡œ ì›¨ì´íŠ¸ë¥¼ í–ˆìŠµë‹ˆë‹¤. ë‹¤ë“¤ ì–´ë–¤ì‹ìœ¼ë¡œ ìš´ë™ ë£¨í‹´ì„ ì§œì‹œë‚˜ìš”?",https://images.unsplash.com/photo-1574680096145-d05b474e2155?w=800&h=600&fit=crop,true,2025-06-04T16:00:00.000Z,2025-06-04T16:00:00.000Z
8,ë«í’€ë‹¤ìš´ í•´ë³´ëŠ”ë° ìš´ë™ìì„¸ ì´ê±° ë§ì•„ìš”?,123e4567-e89b-12d3-a456-426614170028,"í—¬ìŠ¤ ê³ ìˆ˜ë¶„ë“¤ ë„ì™€ì£¼ì„¸ìš” ã… ã… ",https://images.unsplash.com/photo-1571731956672-f2b94d7dd0cb?w=800&h=600&fit=crop,true,2025-06-04T17:00:00.000Z,2025-06-04T17:00:00.000Z
9,ã…‡ã…‡ã…‡,123e4567-e89b-12d3-a456-426614170042,"ê·¸ë¦½ ìƒˆë¡œ ìƒ€ëŠ”ë° ì°¸ ì¢‹ë„¤ìš”. ì—­ì‹œ ìš´ë™ì€ ì¥ë¹„ë¹¨!",https://images.unsplash.com/photo-1549060279-7e168fcee0c2?w=800&h=600&fit=crop,true,2025-06-04T18:00:00.000Z,2025-06-04T18:00:00.000Z
10,ì˜¤ìš´ì™„,123e4567-e89b-12d3-a456-426614170056,"ë§¤ì¼ í„±ê±¸ì´ í•˜ê³  ìˆëŠ”ë° ì˜¤ëŠ˜ë”°ë¼ ì˜ ì•ˆë˜ë„¤ìš”.. ê·¸ë˜ë„ ì˜¤ëŠ˜ ìš´ë™ ì¸ì¦í–ˆìŠµë‹ˆë‹¤.",https://images.unsplash.com/photo-1605296867424-35fc25c9212a?w=800&h=600&fit=crop,true,2025-06-04T19:00:00.000Z,2025-06-04T19:00:00.000Z
11,ë“œë””ì–´....!!!!!!!!!!,123e4567-e89b-12d3-a456-426614170002,"ë“œë””ì–´ ì†ê³¼ ë°œì´ ë§Œë‚¬ìŠµë‹ˆë‹¤. ë ˆì „ë“œ ê¸°ë¡ ë‹¬ì„± ì¶•í•˜ì¢€ìš”",https://images.unsplash.com/photo-1575052814086-f385e2e2ad1b?w=800&h=600&fit=crop,true,2025-06-04T20:00:00.000Z,2025-06-04T20:00:00.000Z
12,í•˜ëŠ˜ì„ ë³´ì,123e4567-e89b-12d3-a456-426614170016,"ì—­ì‹œ ì‚¬ëŒì€ í•˜ëŠ˜ì„ ë³´ê³  ì‚´ì•„ì•¼í•˜ë‚˜ë´ìš”. ì˜¤ëœë§Œì— ì•¼ì™¸ì—ì„œ ìš”ê°€í•˜ë‹ˆê¹Œ ì°¸ ê¸°ë¶„ì´ê°€ ì¢‹ë„¤ìš”.",https://images.unsplash.com/photo-1544367567-0f2fcb009e0b?w=800&h=600&fit=crop,true,2025-06-04T21:00:00.000Z,2025-06-04T21:00:00.000Z
13,ì•„ì¹¨ ìš”ê°€ (feat.ë“±ì‚°),123e4567-e89b-12d3-a456-426614170030,"ì¡°ê¸ˆ ìœ„í—˜í•´ë³´ì´ì§€ë§Œ ì €ëŠ” ìŠ¤ë¦´ì„ ì¦ê²¨ìš”. í•œ ë²ˆì”© ì´ë ‡ê²Œ ì •ìƒì—ì„œ í•´ë³´ëŠ” ê²ƒë„ ì¢‹ì€ ê²ƒ ê°™ì•„ìš”. ì–´ë•Œìš”?","https://images.unsplash.com/photo-1545389336-cf090694435e?q=80&w=3667&auto=format&fit=crop&ixlib=rb-4.1.0&ixid=M3wxMjA3fDB8MHxwaG90by1wYWdlfHx8fGVufDB8fHx8fA%3D%3D",true,2025-06-04T22:00:00.000Z,2025-06-04T22:00:00.000Z
14,ìì„¸ ì–´ë–¤ê°€ìš”?,123e4567-e89b-12d3-a456-426614170044,"ì˜¤ëŠ˜ ì´ ìì„¸ í–ˆë‹¤ê°€ ë¼ˆì†Œë¦¬ê°€ ëšœë‘ë‘‘ ë‚¬ìŠµë‹ˆë‹¤. ê¸°ë¶„ ì¢‹ë„¤ìš”.","https://images.unsplash.com/photo-1552196563-55cd4e45efb3?q=80&w=3852&auto=format&fit=crop&ixlib=rb-4.1.0&ixid=M3wxMjA3fDB8MHxwaG90by1wYWdlfHx8fGVufDB8fHx8fA%3D%3D",true,2025-06-04T23:00:00.000Z,2025-06-04T23:00:00.000Z
15,í•´ìˆ˜ìš•ì¥ì—ì„œ ìš”ê°€,123e4567-e89b-12d3-a456-426614170058,"íŒŒë„ì†Œë¦¬ ë“¤ìœ¼ë©´ì„œ íë§í–ˆì–´ìš” ã…ã…","https://images.unsplash.com/photo-1545205597-3d9d02c29597?q=80&w=3870&auto=format&fit=crop&ixlib=rb-4.1.0&ixid=M3wxMjA3fDB8MHxwaG90by1wYWdlfHx8fGVufDB8fHx8fA%3D%3D",true,2025-06-05T00:00:00.000Z,2025-06-05T00:00:00.000Z
16,ìƒˆë²½ ëŸ¬ë‹ ì¸ì¦ìƒ· ğŸƒâ€â™‚ï¸,123e4567-e89b-12d3-a456-426614170001,"ìƒˆë²½ 6ì‹œ í•œê°• ëŸ¬ë‹ ì™„ë£Œ! ë§‘ì€ ê³µê¸°ì™€ í•¨ê»˜ í•˜ë£¨ë¥¼ ìƒì¾Œí•˜ê²Œ ì‹œì‘í–ˆì–´ìš”. ğŸŒ…",https://images.unsplash.com/photo-1552674605-db6ffd4facb5?w=800&h=600&fit=crop,true,2025-06-05T01:00:00.000Z,2025-06-05T01:00:00.000Z
17,ëŸ¬ë‹ìœ¼ë¡œ ìƒì¾Œí•œ í•˜ë£¨,123e4567-e89b-12d3-a456-426614170019,"ëŸ¬ë‹ìœ¼ë¡œ ìŠ¤íŠ¸ë ˆìŠ¤ë¥¼ ë‚ ë ¤ë²„ë ¸ìŠµë‹ˆë‹¤.","https://images.unsplash.com/photo-1712634047253-e292abdff553?q=80&w=3089&auto=format&fit=crop&ixlib=rb-4.1.0&ixid=M3wxMjA3fDB8MHxwaG90by1wYWdlfHx8fGVufDB8fHx8fA%3D%3D",true,2025-06-05T02:00:00.000Z,2025-06-05T02:00:00.000Z
18,í¬ë¡œìŠ¤í• ì²« ìˆ˜ì—… í›„ê¸°,123e4567-e89b-12d3-a456-426614170005,"í¬ë¡œìŠ¤í• ì²« ìˆ˜ì—…ì„ ë“¤ì—ˆëŠ”ë° ì •ë§ í˜ë“¤ì§€ë§Œ ì „ì‹  ìš´ë™ íš¨ê³¼ê°€ ëŒ€ë‹¨í•˜ë„¤ìš”!","https://plus.unsplash.com/premium_photo-1661576743827-7f4dc8713fd8?q=80&w=3987&auto=format&fit=crop&ixlib=rb-4.1.0&ixid=M3wxMjA3fDB8MHxwaG90by1wYWdlfHx8fGVufDB8fHx8fA%3D%3D",true,2025-06-05T03:00:00.000Z,2025-06-05T03:00:00.000Z
19,í¬ë¡œìŠ¤í• WOD ë„ì „,123e4567-e89b-12d3-a456-426614170015,"ì˜¤ëŠ˜ì˜ WOD(Workout of the Day)ì— ë„ì „í–ˆìŠµë‹ˆë‹¤. ë•€ì´ ë¹„ ì˜¤ë“¯!","https://images.unsplash.com/photo-1601422407692-ec4eeec1d9b3?q=80&w=3850&auto=format&fit=crop&ixlib=rb-4.1.0&ixid=M3wxMjA3fDB8MHxwaG90by1wYWdlfHx8fGVufDB8fHx8fA%3D%3D",true,2025-06-05T04:00:00.000Z,2025-06-05T04:00:00.000Z
20,í¬ë¡œìŠ¤í•ìœ¼ë¡œ ì „ì‹ ìš´ë™,123e4567-e89b-12d3-a456-426614170035,"í¬ë¡œìŠ¤í•ìœ¼ë¡œ ì „ì‹ ìš´ë™ì„ í•˜ë‹ˆ ëª¸ì´ ê°œìš´í•´ì¡Œì–´ìš”.","https://plus.unsplash.com/premium_photo-1664109999840-3f7e97489e53?q=80&w=3870&auto=format&fit=crop&ixlib=rb-4.1.0&ixid=M3wxMjA3fDB8MHxwaG90by1wYWdlfHx8fGVufDB8fHx8fA%3D%3D",true,2025-06-05T05:00:00.000Z,2025-06-05T05:00:00.000Z
21,í¬ë¡œìŠ¤í• ë°•ìŠ¤ ë°©ë¬¸ê¸°,123e4567-e89b-12d3-a456-426614170045,"ìƒˆë¡œìš´ í¬ë¡œìŠ¤í• ë°•ìŠ¤ë¥¼ ë°©ë¬¸í•´ë´¤ìŠµë‹ˆë‹¤. ë¶„ìœ„ê¸°ê°€ ì •ë§ ì¢‹ë„¤ìš”.","https://images.unsplash.com/photo-1639504031765-ca21aecb7252?q=80&w=3870&auto=format&fit=crop&ixlib=rb-4.1.0&ixid=M3wxMjA3fDB8MHxwaG90by1wYWdlfHx8fGVufDB8fHx8fA%3D%3D",true,2025-06-05T06:00:00.000Z,2025-06-05T06:00:00.000Z
22,í¬ë¡œìŠ¤í• íŒ€ì›Œí¬ í›ˆë ¨,123e4567-e89b-12d3-a456-426614170065,"íŒ€ì›ë“¤ê³¼ í•¨ê»˜í•˜ëŠ” í¬ë¡œìŠ¤í• í›ˆë ¨ì´ ì •ë§ ì¬ë°Œì—ˆìŠµë‹ˆë‹¤.","https://images.unsplash.com/photo-1632758243488-7e6f9173cfa1?q=80&w=3648&auto=format&fit=crop&ixlib=rb-4.1.0&ixid=M3wxMjA3fDB8MHxwaG90by1wYWdlfHx8fGVufDB8fHx8fA%3D%3D",true,2025-06-05T07:00:00.000Z,2025-06-05T07:00:00.000Z
23,ë°°ë“œë¯¼í„´ ëŒ€íšŒ ì¤€ë¹„ì¤‘,123e4567-e89b-12d3-a456-426614170008,"ë°°ë“œë¯¼í„´ ëŒ€íšŒë¥¼ ì¤€ë¹„í•˜ë©° ë§¤ì¼ ì—°ìŠµí•˜ê³  ìˆì–´ìš”. ì—´ì‹¬íˆ í•´ì„œ ì¢‹ì€ ê²°ê³¼ ì–»ê³  ì‹¶ìŠµë‹ˆë‹¤!","https://images.unsplash.com/photo-1626224583764-f87db24ac4ea?q=80&w=3870&auto=format&fit=crop&ixlib=rb-4.1.0&ixid=M3wxMjA3fDB8MHxwaG90by1wYWdlfHx8fGVufDB8fHx8fA%3D%3D",true,2025-06-05T08:00:00.000Z,2025-06-05T08:00:00.000Z
24,ë°°ë“œë¯¼í„´ ì—°ìŠµ í›„ê¸°,123e4567-e89b-12d3-a456-426614170038,"ì˜¤ëŠ˜ ë°°ë“œë¯¼í„´ ì—°ìŠµì—ì„œ ìŠ¤ë§¤ì‹œê°€ ì˜ ë“¤ì–´ê°”ì–´ìš”.","https://plus.unsplash.com/premium_photo-1664304753883-923c28de6b85?q=80&w=3601&auto=format&fit=crop&ixlib=rb-4.1.0&ixid=M3wxMjA3fDB8MHxwaG90by1wYWdlfHx8fGVufDB8fHx8fA%3D%3D",true,2025-06-05T09:00:00.000Z,2025-06-05T09:00:00.000Z
25,ë°°ë“œë¯¼í„´ ë™í˜¸íšŒ ëª¨ì„,123e4567-e89b-12d3-a456-426614170048,"ë™í˜¸íšŒ ëª¨ì„ì—ì„œ ë‹¤ì–‘í•œ ì‚¬ëŒë“¤ê³¼ ë°°ë“œë¯¼í„´ì„ ì³¤ìŠµë‹ˆë‹¤.","https://images.unsplash.com/photo-1720515226352-b0b1dec6813b?q=80&w=3987&auto=format&fit=crop&ixlib=rb-4.1.0&ixid=M3wxMjA3fDB8MHxwaG90by1wYWdlfHx8fGVufDB8fHx8fA%3D%3D",true,2025-06-05T10:00:00.000Z,2025-06-05T10:00:00.000Z
26,ë°°ë“œë¯¼í„´ ë¼ì¼“ ì¶”ì²œ,123e4567-e89b-12d3-a456-426614170068,"ìƒˆë¡œìš´ ë¼ì¼“ì„ ìƒ€ëŠ”ë° ì •ë§ ê°€ë³ê³  ì¢‹ì•„ìš”.","https://images.unsplash.com/photo-1687597778602-624a9438fe0b?q=80&w=3456&auto=format&fit=crop&ixlib=rb-4.1.0&ixid=M3wxMjA3fDB8MHxwaG90by1wYWdlfHx8fGVufDB8fHx8fA%3D%3D",true,2025-06-05T11:00:00.000Z,2025-06-05T11:00:00.000Z
27,ì˜¤ëŠ˜ì˜ ë°°ë“œë¯¼í„´ ê²½ê¸°,123e4567-e89b-12d3-a456-426614170078,"ì˜¤ëŠ˜ ê²½ê¸°ì—ì„œ ì•„ì‰½ê²Œ ì¡Œì§€ë§Œ ë‹¤ìŒì—” ê¼­ ì´ê¸°ê³  ì‹¶ì–´ìš”.","https://plus.unsplash.com/premium_photo-1664303134673-7a073bf3fb54?q=80&w=3691&auto=format&fit=crop&ixlib=rb-4.1.0&ixid=M3wxMjA3fDB8MHxwaG90by1wYWdlfHx8fGVufDB8fHx8fA%3D%3D",true,2025-06-05T12:00:00.000Z,2025-06-05T12:00:00.000Z
28,í…Œë‹ˆìŠ¤ ë™í˜¸íšŒ ëª¨ì„,123e4567-e89b-12d3-a456-426614170017,"í…Œë‹ˆìŠ¤ ë™í˜¸íšŒ ì •ê¸° ëª¨ì„ì— ì°¸ì„í–ˆìŠµë‹ˆë‹¤. ì‹¤ë ¥ë„ ëŠ˜ê³  ì¢‹ì€ ì‚¬ëŒë“¤ë„ ë§Œë‚˜ê³ !","https://images.unsplash.com/photo-1554068865-24cecd4e34b8?q=80&w=3870&auto=format&fit=crop&ixlib=rb-4.1.0&ixid=M3wxMjA3fDB8MHxwaG90by1wYWdlfHx8fGVufDB8fHx8fA%3D%3D",true,2025-06-05T13:00:00.000Z,2025-06-05T13:00:00.000Z
29,í…Œë‹ˆìŠ¤ ë ˆìŠ¨ í›„ê¸°,123e4567-e89b-12d3-a456-426614170027,"ì˜¤ëŠ˜ í…Œë‹ˆìŠ¤ ë ˆìŠ¨ì—ì„œ ë°±í•¸ë“œë¥¼ ë°°ì› ì–´ìš”.","https://images.unsplash.com/photo-1545151414-8a948e1ea54f?q=80&w=3456&auto=format&fit=crop&ixlib=rb-4.1.0&ixid=M3wxMjA3fDB8MHxwaG90by1wYWdlfHx8fGVufDB8fHx8fA%3D%3D",true,2025-06-05T14:00:00.000Z,2025-06-05T14:00:00.000Z
30,í…Œë‹ˆìŠ¤ ë¼ì¼“ ì¶”ì²œ,123e4567-e89b-12d3-a456-426614170037,"ìƒˆë¡œ ì‚° ë¼ì¼“ì´ ì •ë§ ê°€ë³ê³  ì¢‹ì•„ìš”.","https://images.unsplash.com/photo-1542144582-1ba00456b5e3?q=80&w=2094&auto=format&fit=crop&ixlib=rb-4.1.0&ixid=M3wxMjA3fDB8MHxwaG90by1wYWdlfHx8fGVufDB8fHx8fA%3D%3D",true,2025-06-05T15:00:00.000Z,2025-06-05T15:00:00.000Z
31,í…Œë‹ˆìŠ¤ ê²½ê¸° ê´€ëŒê¸°,123e4567-e89b-12d3-a456-426614170047,"í”„ë¡œ í…Œë‹ˆìŠ¤ ê²½ê¸°ë¥¼ ì§ì ‘ ê´€ëŒí•˜ê³  ì™”ìŠµë‹ˆë‹¤.","https://images.unsplash.com/flagged/photo-1576972405668-2d020a01cbfa?q=80&w=3874&auto=format&fit=crop&ixlib=rb-4.1.0&ixid=M3wxMjA3fDB8MHxwaG90by1wYWdlfHx8fGVufDB8fHx8fA%3D%3D",true,2025-06-05T16:00:00.000Z,2025-06-05T16:00:00.000Z
32,í…Œë‹ˆìŠ¤ ì—°ìŠµ ì¼ì§€,123e4567-e89b-12d3-a456-426614170057,"ë§¤ì¼ ì—°ìŠµí•˜ë©° ì‹¤ë ¥ì´ ì¡°ê¸ˆì”© ëŠ˜ê³  ìˆìŠµë‹ˆë‹¤.","https://images.unsplash.com/photo-1595435742656-5272d0b3fa82?q=80&w=3928&auto=format&fit=crop&ixlib=rb-4.1.0&ixid=M3wxMjA3fDB8MHxwaG90by1wYWdlfHx8fGVufDB8fHx8fA%3D%3D",true,2025-06-05T17:00:00.000Z,2025-06-05T17:00:00.000Z
33,ë‹¤ì´ì–´íŠ¸ ì‹ë‹¨ ê³µìœ ,123e4567-e89b-12d3-a456-426614170015,"ë‹¤ì´ì–´íŠ¸ ì¤‘ì¸ ë¶„ë“¤ì„ ìœ„í•œ ê±´ê°•í•œ ì‹ë‹¨ì„ ê³µìœ í•©ë‹ˆë‹¤. ë§›ìˆìœ¼ë©´ì„œë„ ì˜ì–‘ê°€ ë†’ì€ ë©”ë‰´ë“¤ì´ì—ìš”.",https://images.unsplash.com/photo-1490645935967-10de6ba17061?w=800&h=600&fit=crop,true,2025-06-05T18:00:00.000Z,2025-06-05T18:00:00.000Z
34,ë‹¤ì´ì–´íŠ¸ ë ˆì‹œí”¼ ì¶”ì²œ,123e4567-e89b-12d3-a456-426614170035,"ë‹¤ì´ì–´íŠ¸ì— ì¢‹ì€ ë ˆì‹œí”¼ë¥¼ ì¶”ì²œí•©ë‹ˆë‹¤.","https://plus.unsplash.com/premium_photo-1663852296872-51c74244d487?q=80&w=3963&auto=format&fit=crop&ixlib=rb-4.1.0&ixid=M3wxMjA3fDB8MHxwaG90by1wYWdlfHx8fGVufDB8fHx8fA%3D%3D",true,2025-06-05T19:00:00.000Z,2025-06-05T19:00:00.000Z
35,ë‹¤ì´ì–´íŠ¸ ì¤‘ í˜ë“¤ ë•Œ,123e4567-e89b-12d3-a456-426614170055,"ë‹¤ì´ì–´íŠ¸ ì¤‘ í˜ë“¤ ë•ŒëŠ” ê°€ë²¼ìš´ ì‚°ì±…ì´ ë„ì›€ì´ ë¼ìš”..","https://images.unsplash.com/photo-1587996597484-04743eeb56b4?q=80&w=3987&auto=format&fit=crop&ixlib=rb-4.1.0&ixid=M3wxMjA3fDB8MHxwaG90by1wYWdlfHx8fGVufDB8fHx8fA%3D%3D",true,2025-06-05T20:00:00.000Z,2025-06-05T20:00:00.000Z
36,ì‹ë‹¨ ì§„ì§œ ë„ˆë¬´ ì–´ë µë„¤ìš”,123e4567-e89b-12d3-a456-426614170075,"ì…ë§›ì—†ì„ë•Œê°€ ì œì¼ í˜ë“ ê±°ê°™ì•„ìš”..... í•˜","https://images.unsplash.com/photo-1561320637-607b6b19f493?q=80&w=3987&auto=format&fit=crop&ixlib=rb-4.1.0&ixid=M3wxMjA3fDB8MHxwaG90by1wYWdlfHx8fGVufDB8fHx8fA%3D%3D",true,2025-06-05T21:00:00.000Z,2025-06-05T21:00:00.000Z
37,ìš´ë™ë³µ ì½”ë”” ì¶”ì²œ,123e4567-e89b-12d3-a456-426614170022,"ìš´ë™í•  ë•Œ ì…ê¸° ì¢‹ì€ ìš´ë™ë³µ ì½”ë””ë¥¼ ì¶”ì²œí•©ë‹ˆë‹¤. ê¸°ëŠ¥ì„±ê³¼ ìŠ¤íƒ€ì¼ì„ ëª¨ë‘ ì¡ì•˜ì–´ìš”!",https://images.unsplash.com/photo-1512374382149-233c42b6a83b?w=800&h=600&fit=crop,true,2025-06-05T22:00:00.000Z,2025-06-05T22:00:00.000Z
38,ìš´ë™ë³µ ì‡¼í•‘ í›„ê¸°,123e4567-e89b-12d3-a456-426614170052,"ìƒˆë¡œ ì‚° ìš´ë™ë³µì´ ì •ë§ í¸í•˜ê³  ì˜ˆë»ìš”.","https://images.unsplash.com/photo-1593419528756-3cdfa1615b86?q=80&w=2667&auto=format&fit=crop&ixlib=rb-4.1.0&ixid=M3wxMjA3fDB8MHxwaG90by1wYWdlfHx8fGVufDB8fHx8fA%3D%3D",true,2025-06-05T23:00:00.000Z,2025-06-05T23:00:00.000Z
39,ìš´ë™ë³µ ë¸Œëœë“œ ë¹„êµ,123e4567-e89b-12d3-a456-426614170082,"ì–´ë–¤ ë¸Œëœë“œê°€ ì¢‹ë‚˜ìš”? ì €ëŠ” ì ¸ì§€ê°€ ë„ˆë¬´ í¸í•´ì„œ ì´ê²ƒë§Œ ì…ì—ˆëŠ”ë°.. ë‹¤ë¥¸ ê²ƒë„ í•œë²ˆ ì‚¬ë³´ë ¤êµ¬ìš”","https://images.unsplash.com/photo-1540254597053-3901b858d40f?q=80&w=3308&auto=format&fit=crop&ixlib=rb-4.1.0&ixid=M3wxMjA3fDB8MHxwaG90by1wYWdlfHx8fGVufDB8fHx8fA%3D%3D",true,2025-06-06T00:00:00.000Z,2025-06-06T00:00:00.000Z
40,í”„ë¡œí‹´ ë§› ë¦¬ë·°,123e4567-e89b-12d3-a456-426614170006,"ìƒˆë¡œ ì‚° í”„ë¡œí‹´ì˜ ë§›ì„ ë¦¬ë·°í•´ë´…ë‹ˆë‹¤. ì´ ë§›ì€ ì •ë§ ì¶”ì²œí•˜ê³  ì‹¶ì–´ìš”!","https://images.unsplash.com/photo-1693996045300-521e9d08cabc?q=80&w=2940&auto=format&fit=crop&ixlib=rb-4.1.0&ixid=M3wxMjA3fDB8MHxwaG90by1wYWdlfHx8fGVufDB8fHx8fA%3D%3D",true,2025-06-06T01:00:00.000Z,2025-06-06T01:00:00.000Z
41,í”„ë¡œí‹´ ì¶”ì²œ ë¶€íƒí•´ìš”,123e4567-e89b-12d3-a456-426614170026,"ì—¬ëŸ¬ë¶„ì´ ì¶”ì²œí•˜ëŠ” í”„ë¡œí‹´ì´ ê¶ê¸ˆí•´ìš”.",https://img.cjthemarket.com/images/file/product/490/20240411103339994.PNG?SF=webp&RS=550x550,true,2025-06-06T02:00:00.000Z,2025-06-06T02:00:00.000Z
42,í”„ë¡œí‹´ ì„­ì·¨ ë°©ë²•,123e4567-e89b-12d3-a456-426614170036,"í”„ë¡œí‹´ì„ íš¨ê³¼ì ìœ¼ë¡œ ì„­ì·¨í•˜ëŠ” ë°©ë²•ì„ ê³µìœ í•©ë‹ˆë‹¤.",https://img.danawa.com/prod_img/500000/503/186/img/18186503_1.jpg?shrink=330:*&_v=20230706102541,true,2025-06-06T03:00:00.000Z,2025-06-06T03:00:00.000Z
43,í”„ë¡œí‹´ íš¨ê³¼ í›„ê¸°,123e4567-e89b-12d3-a456-426614170046,"í”„ë¡œí‹´ì„ ê¾¸ì¤€íˆ ë¨¹ìœ¼ë‹ˆ ê·¼ìœ¡ì´ ì˜ ë¶™ëŠ” ê²ƒ ê°™ì•„ìš”.","https://img1.daumcdn.net/thumb/R1280x0/?scode=mtistory2&fname=https%3A%2F%2Fblog.kakaocdn.net%2Fdn%2FyNAxs%2FbtsBfaNnLEe%2FZAb3MS80BTKHz4iEcGGfb0%2Fimg.png",true,2025-06-06T04:00:00.000Z,2025-06-06T04:00:00.000Z
44,ë¯¸ì¹œ ì½”ì½”ë°¥ ì €ë‹¹ ë‚˜ì˜´,123e4567-e89b-12d3-a456-426614170066,"ì½”ì½”ë°¥ ì§„ì§œ ì¡´ë§›ì¸ë° í•­ìƒ ë‹¹ì´ ë§ì•„ì„œ êº¼ë ¸ëŠ”ë° ì´ë²ˆì— ì €ë‹¹ë²„ì „ ë‚˜ì™”ì–´ìš”!! ë‹¤ë“¤ ê¼­ ë¨¹ì–´ë³´ì‹œê¸¸!","https://d1cnx04b8cgzcv.cloudfront.net/media/products/products/4c368457b8934a07a35c0989ce82b268.jpg?width=720&quality=95",true,2025-06-06T05:00:00.000Z,2025-06-06T05:00:00.000Z
45,ë‹¨ë°±ì§ˆë°” ì´ê²Œ ì§±ì´ì—ìš”,123e4567-e89b-12d3-a456-426614170076,"ë‹¥í„°ìœ êº¼ ì´ ë‹¨ë°±ì§ˆë°”ê°€ 24gì´ë‚˜ ë“¤ì–´ìˆê³  ì§„ì§œ ë§›ìˆì–´ìš”!!!",https://asset.m-gs.kr/prod/1020075140/1/550,true,2025-06-06T06:00:00.000Z,2025-06-06T06:00:00.000Z
46,í¸ì˜ì ì—ì„œ íŒŒëŠ” ë‹¨ë°±ì§ˆ ìŒë£Œ,123e4567-e89b-12d3-a456-426614170086,"ë”ë‹¨ë°± ì´ˆì½”ë§›ì´ ì§„ì§œ ì´ˆì½”ìŒë£Œì²˜ëŸ¼ ì™„ì „ ë§›ìˆì–´ìš”!!","https://d2u3dcdbebyaiu.cloudfront.net/uploads/atch_img/491/6efb08ef03644b5b9015e88622b98c20_res.jpeg",true,2025-06-06T07:00:00.000Z,2025-06-06T07:00:00.000Z
47,ì˜¤ìˆ˜ì™„,123e4567-e89b-12d3-a456-426614170003,"ì˜¤ëŠ˜ ìˆ˜ì˜ ì™„ë£Œí–ˆìŠµë‹ˆë‹¤! ìˆ˜ì˜ì¥ê¹Œì§€ ê°€ëŠ”ê²Œ í˜ë“¤ì§€ë§Œ ìˆ˜ì˜ ëë‚˜ë©´ ì§„ì§œ ë¿Œë“¯ã…ã…","https://plus.unsplash.com/premium_photo-1701030722617-25087a8fe287?q=80&w=2940&auto=format&fit=crop&ixlib=rb-4.1.0&ixid=M3wxMjA3fDB8MHxwaG90by1wYWdlfHx8fGVufDB8fHx8fA%3D%3D",true,2025-06-06T08:00:00.000Z,2025-06-06T08:00:00.000Z
48,ë“œë””ì–´ ì˜¤ë¦¬ë°œ ì‹œì‘..!,123e4567-e89b-12d3-a456-426614170013,"ì´ì œ ì˜¤ë¦¬ë°œ ë“¤ì–´ê°€ì„œ ì˜¤ë¦¬ë°œ í•˜ë‚˜ ì¥ë§Œí–ˆìŠµë‹ˆë‹¤ã…ã… ìˆ˜ì˜ì€ í• ìˆ˜ë¡ ì¬ë°Œë„¤ìš”",https://sitem.ssgcdn.com/98/07/12/item/1000575120798_i1_1200.jpg,true,2025-06-06T09:00:00.000Z,2025-06-06T09:00:00.000Z
49,ì˜¤ëŠ˜ë„ ìˆ˜ì˜!!,123e4567-e89b-12d3-a456-426614170023,"ì˜¤ëŠ˜ë¶€í„° ë°°ì˜ë“¤ì–´ê°”ìŠµë‹ˆë‹¤. ì €ì˜ ì„±ì¥ê¸° ë§ì´ ë´ì£¼ì„¸ìš”","https://plus.unsplash.com/premium_photo-1701030722594-2b8d0e5e356f?q=80&w=3235&auto=format&fit=crop&ixlib=rb-4.1.0&ixid=M3wxMjA3fDB8MHxwaG90by1wYWdlfHx8fGVufDB8fHx8fA%3D%3D",true,2025-06-06T10:00:00.000Z,2025-06-06T10:00:00.000Z
50,ìˆ˜ì˜ìœ¼ë¡œ ë‹¤ì´ì–´íŠ¸ ì„±ê³µ!,123e4567-e89b-12d3-a456-426614170033,"6ë‹¬ ë™ì•ˆ ìˆ˜ì˜ìœ¼ë¡œ ìš´ë™í•˜ë‹ˆ ìì—°ìŠ¤ëŸ½ê²Œ 8kgë‚˜ ë¹ ì¡ŒìŠµë‹ˆë‹¤. ë‹¤ë“¤ ê¾¸ì¤€íˆ ìˆ˜ì˜í•´ë³´ì„¸ìš”!!",https://cdn.news.hidoc.co.kr/news/photo/201905/19279_45881_0658.jpg,true,2025-06-06T11:00:00.000Z,2025-06-06T11:00:00.000Z
51,ì†¡íŒŒêµ¬ì²´ìœ¡ë¬¸í™”íšŒê´€ ìˆ˜ì˜ì¥ ì¶”ì²œ,123e4567-e89b-12d3-a456-426614170043,"ì†¡íŒŒêµ¬ ì²´ìœ¡ë¬¸í™”íšŒê´€ ìˆ˜ì˜ì¥ ì¢‹ë„¤ìš”. ê°€ê²©ë„ ì €ë ´í•˜ë‹ˆ ë‹¤ë“¤ í•œ ë²ˆ ê°€ë³´ì„¸ìš”!",https://www.esongpa.or.kr/common/image/facility/facility1_1.jpg,true,2025-06-06T12:00:00.000Z,2025-06-06T12:00:00.000Z
52,ë©ë©ì´ì™€ í•¨ê»˜ ìˆ˜ì˜~,123e4567-e89b-12d3-a456-426614170053,"ì˜¤ëŠ˜ì€ ì €í¬ ì§‘ ë©ë©ì´ì™€ í•¨ê»˜ ìˆ˜ì˜ì„ í•´ë´¤ì”ë‹ˆë‹¤~ ê°™ì´ ìˆ˜ì˜í•˜ë‹ˆ ë” ì¬ë°Œë„¤ìš”","https://images.unsplash.com/photo-1678543792429-1d035ab8422b?q=80&w=2940&auto=format&fit=crop&ixlib=rb-4.1.0&ixid=M3wxMjA3fDB8MHxwaG90by1wYWdlfHx8fGVufDB8fHx8fA%3D%3D",true,2025-06-06T13:00:00.000Z,2025-06-06T13:00:00.000Z
53,ì²« í•„ë¼í…ŒìŠ¤ ìˆ˜ì—… í›„ê¸°,123e4567-e89b-12d3-a456-426614170007,"ì˜¤ëŠ˜ ì²˜ìŒ í•„ë¼í…ŒìŠ¤ë¥¼ ê°€ë´¤ìŠµë‹ˆë‹¤. ì‚¬ì‹¤ ë³¼ë•ŒëŠ” ê·¸ë ‡ê²Œ ì•ˆ í˜ë“¤ì–´ë³´ë ¸ëŠ”ë° ì € ë™ì‘í•˜ë©´ì„œ íŒ”ì´ í›„ë“¤í›„ë“¤ ê±°ë ¤ì„œâ€¦ ì£½ëŠ”ì¤„ ì•Œì•˜ì–´ìš”..","https://images.unsplash.com/photo-1717500252573-d31d4bf5ddf1?q=80&w=2940&auto=format&fit=crop&ixlib=rb-4.1.0&ixid=M3wxMjA3fDB8MHxwaG90by1wYWdlfHx8fGVufDB8fHx8fA%3D%3D",true,2025-06-06T14:00:00.000Z,2025-06-06T14:00:00.000Z
54,ì˜¤ëŠ˜ ìš´ë™ ì™„ë£Œ!,123e4567-e89b-12d3-a456-426614170029,"ì˜¤ëŠ˜ í•„ë¼í…ŒìŠ¤ ìƒˆë¡œìš´ ë™ì‘ ë‚˜ê°”ëŠ”ë° ë„ˆë¬´ í˜ë“¤ì–´ì„œ ì“°ëŸ¬ì§ˆë»”í–ˆì–´ìš”..ê·¸ë˜ë„ í•˜ê³ ë‚˜ë©´ ì§„ì§œ ëª¸ì€ ê°œìš´í•©ë‹ˆë‹¤ êµ³êµ³","https://images.unsplash.com/photo-1717500250901-9f4c8bd96a9d?q=80&w=3087&auto=format&fit=crop&ixlib=rb-4.1.0&ixid=M3wxMjA3fDB8MHxwaG90by1wYWdlfHx8fGVufDB8fHx8fA%3D%3D",true,2025-06-06T15:00:00.000Z,2025-06-06T15:00:00.000Z
55,ë‚¨ìí•œí…Œë„ í•„ë¼í…ŒìŠ¤ëŠ” ì§„ì§œ ì¢‹ìœ¼ë„¤ìš”..,123e4567-e89b-12d3-a456-426614170039,"ê·¸ë£¹ ìˆ˜ì—…ì— ì €ë§Œ ë‚¨ìì´ì§€ë§Œ..ê·¸ë˜ë„ ë‹¤ë“¤ ì˜í•´ì£¼ì…”ì„œ ì¢‹ìœ¼ë„¤ìš”..ì—¬ê¸° ì„ ìƒë‹˜ì´ ê·¸ë£¹ì´ì–´ë„ í•œ ëª…ì”© ê¼¼ê¼¼í•˜ê²Œ ì˜ ë´ì£¼ì‹œë„¤ìš”!",https://www.harpersbazaar.co.kr/resources_old/online/org_online_image/d237a7cc-2417-4540-8965-cd9d34f757a9.jpg,true,2025-06-06T16:00:00.000Z,2025-06-06T16:00:00.000Z
56,ì†Œë„êµ¬ í•„ë¼í…ŒìŠ¤,123e4567-e89b-12d3-a456-426614170049,"ì˜¤ëŠ˜ì€ ìƒ‰ë‹¤ë¥´ê²Œ ì†Œë„êµ¬ë¥¼ ì´ìš©í•œ ìˆ˜ì—…ì„ í•´ë³´ì•˜ìŠµë‹ˆë‹¤! ì‘ì€ê±°ë¡œ í’€ì–´ì£¼ë‹ˆê¹Œ ë” ì‹œì›í•œ ëŠë‚Œì´ë„¤ìš”","https://plus.unsplash.com/premium_photo-1671028547976-4b1e3300a350?q=80&w=2940&auto=format&fit=crop&ixlib=rb-4.1.0&ixid=M3wxMjA3fDB8MHxwaG90by1wYWdlfHx8fGVufDB8fHx8fA%3D%3D",true,2025-06-06T17:00:00.000Z,2025-06-06T17:00:00.000Z
57,ì˜¤ëŠ˜ì€ ì§‘ì—ì„œ í•„ë¼í…ŒìŠ¤,123e4567-e89b-12d3-a456-426614170059,"ì˜¤ëŠ˜ í•„ë¼í…ŒìŠ¤ì— ê°”ì–´ì•¼í–ˆëŠ”ë° ì‹œê°„ì„ ë†“ì³ì„œ,,ì§‘ì—ì„œ ì˜ìƒ ë³´ë©´ì„œ í•„ë¼í…ŒìŠ¤ í•´ë´…ë‹ˆë‹¹ ê·¸ë˜ë„ í™•ì‹¤íˆ ê°€ì„œí•´ì•¼ ì‹œì›í•œ ëŠë‚Œì´ ìˆì–´ìš”..","https://plus.unsplash.com/premium_photo-1674675646706-8468e673b74a?q=80&w=3087&auto=format&fit=crop&ixlib=rb-4.1.0&ixid=M3wxMjA3fDB8MHxwaG90by1wYWdlfHx8fGVufDB8fHx8fA%3D%3D",true,2025-06-06T18:00:00.000Z,2025-06-06T18:00:00.000Z
58,ì œ ë¡¤ëª¨ë¸ì€ ì¡°ìœ ë¦¬ì…ë‹ˆë‹¤.,123e4567-e89b-12d3-a456-426614170012,"ì¡°ìœ ë¦¬ì²˜ëŸ¼ ì˜ˆìœ ëª¸ë§¤ë¥¼ ê°€ì§€ê³  ì‹¶ì–´ìš”!",https://m.asiailbo.co.kr/data/2023/21080200/20230808_131142_a6e3014.jpg,true,2025-06-06T19:00:00.000Z,2025-06-06T19:00:00.000Z
59,ë°”ë””í”„ë¡œí•„ ì¤€ë¹„ í•˜ê³  ìˆìŠµë‹ˆë‹¤.,123e4567-e89b-12d3-a456-426614170024,"ë°”ë””í”„ë¡œí•„ì„ ìœ„í•´ ì‹ë‹¨ê³¼ ìš´ë™ì„ ë³‘í–‰ ì¤‘ì…ë‹ˆë‹¤... í˜ë“  ê³¼ì •ì´ê² ì§€ë§Œ ê²°ê³¼ê°€ ì¢‹ì•˜ìœ¼ë©´ ì¢‹ê² ì–´ìš” ğŸ¥¹","https://plus.unsplash.com/premium_photo-1671632777292-7f28e9c97b47?q=80&w=3158&auto=format&fit=crop&ixlib=rb-4.1.0&ixid=M3wxMjA3fDB8MHxwaG90by1wYWdlfHx8fGVufDB8fHx8fA%3D%3D",true,2025-06-06T20:00:00.000Z,2025-06-06T20:00:00.000Z
60,ë°”ë””í”„ë¡œí•„ ì´¬ì˜ í›„ê¸°,123e4567-e89b-12d3-a456-426614170034,"ë“œë””ì–´ ë°”ë””í”„ë¡œí•„ ì´¬ì˜ì„ ë§ˆì³¤ìŠµë‹ˆë‹¤!","https://images.unsplash.com/photo-1637651684506-07e16fcf7b06?q=80&w=3974&auto=format&fit=crop&ixlib=rb-4.1.0&ixid=M3wxMjA3fDB8MHxwaG90by1wYWdlfHx8fGVufDB8fHx8fA%3D%3D",true,2025-06-06T21:00:00.000Z,2025-06-06T21:00:00.000Z
61,ë°”ë””í”„ë¡œí•„ ì‹ë‹¨,123e4567-e89b-12d3-a456-426614170054,"ë°”ë””í”„ë¡œí•„ì„ ìœ„í•œ ì‹ë‹¨ì„ ê³µìœ í•©ë‹ˆë‹¤.","https://plus.unsplash.com/premium_photo-1675964349915-4a915535060c?q=80&w=3987&auto=format&fit=crop&ixlib=rb-4.1.0&ixid=M3wxMjA3fDB8MHxwaG90by1wYWdlfHx8fGVufDB8fHx8fA%3D%3D",true,2025-06-06T22:00:00.000Z,2025-06-06T22:00:00.000Z
62,ë°”ë””í”„ë¡œí•„ ìš´ë™ ë£¨í‹´,123e4567-e89b-12d3-a456-426614170064,"ë°”ë””í”„ë¡œí•„ ì¤€ë¹„ë¥¼ ìœ„í•œ ìš´ë™ ë£¨í‹´ì„ ìŒ 3ë¶„í• ë¡œ ìƒê°í•˜ê³  ìˆëŠ”ë° í•˜ë£¨ì— ìš´ë™í•  ìˆ˜ ìˆëŠ” ì‹œê°„ì€ í•œì‹œê°„ ì •ë„ì—ìš”. ì–´ë–»ê²Œ í•˜ëŠ”ê±¸ ì¶”ì²œí•˜ì‹œë‚˜ìš” ë‹¤ë“¤..??","https://plus.unsplash.com/premium_photo-1664475922946-d01445240652?q=80&w=3987&auto=format&fit=crop&ixlib=rb-4.1.0&ixid=M3wxMjA3fDB8MHxwaG90by1wYWdlfHx8fGVufDB8fHx8fA%3D%3D",true,2025-06-06T23:00:00.000Z,2025-06-06T23:00:00.000Z
63,ìš´ë™ ì „í›„ ìŠ¤íŠ¸ë ˆì¹­,123e4567-e89b-12d3-a456-426614170009,"ìš´ë™ ì „í›„ ìŠ¤íŠ¸ë ˆì¹­ì„ ê¼­ í•´ì¤˜ì•¼í•´ìš”! ë¶€ìƒ ì˜ˆë°©ì— ê¼­ í•„ìš”í•´ìš”. í•œ ë²ˆ ë‹¤ì³ë´ì„œ... ê·¸ ì´í›„ë¡œëŠ” ê¾¸ì¤€í•˜ê²Œ í•˜ê³  ìˆì–´ìš” ã…",https://images.unsplash.com/photo-1607914660217-754fdd90041d?w=800&h=600&auto=format&fit=crop&ixlib=rb-4.1.0&ixid=M3wxMjA3fDB8MHxwaG90by1wYWdlfHx8fGVufDB8fHx8fA%3D%3D,true,2025-06-07T00:00:00.000Z,2025-06-07T00:00:00.000Z
64,ë‚˜ì´ê°€ ì¢€ ìˆìœ¼ë©´ ì—¬ì „íˆ ìŠ¤íŠ¸ë ˆì¹­ì€ í•„ìˆ˜ì—ìš”,123e4567-e89b-12d3-a456-426614170031,"ë‹¤ë“¤ ê¼­ ìŠ¤íŠ¸ë ˆì¹­ í•˜ê³  ì‚½ì‹œë‹¤. íŠ¹íˆ ìš”ì¦˜ ê±°ë¶ëª©ê³¼ ë¼ìš´ë“œìˆ„ë” ì˜ˆë°©ì— ìŠ¤íŠ¸ë ˆì¹­ì€ í•„ìˆ˜ëë‹ˆë‹¤","https://plus.unsplash.com/premium_photo-1682434735853-4c385a795f87?w=800&h=600&auto=format&fit=crop&ixlib=rb-4.1.0&ixid=M3wxMjA3fDB8MHxwaG90by1wYWdlfHx8fGVufDB8fHx8fA%3D%3D",true,2025-06-07T01:00:00.000Z,2025-06-07T01:00:00.000Z
65,ì•„ì¹¨ ìŠ¤íŠ¸ë ˆì¹­,123e4567-e89b-12d3-a456-426614170041,"ì•„ì¹¨ì— ìŠ¤íŠ¸ë ˆì¹­ì„ í•˜ë©´ í•˜ë£¨ê°€ ìƒì¾Œí•´ì ¸ìš”.","https://plus.unsplash.com/premium_photo-1661371807020-89384e58a49e?q=80&w=3870&auto=format&fit=crop&ixlib=rb-4.1.0&ixid=M3wxMjA3fDB8MHxwaG90by1wYWdlfHx8fGVufDB8fHx8fA%3D%3D",true,2025-06-07T02:00:00.000Z,2025-06-07T02:00:00.000Z
66,ë‹¤ë“¤ ì–´ë–¤ ìŠ¤íŠ¸ë ˆì¹­ í•˜ì‹œë‚˜ìš”?,123e4567-e89b-12d3-a456-426614170051,"ì €ëŠ” ì•„ì§ ê·¸ëƒ¥ ë§¨ëª¸ ìŠ¤íŠ¸ë ˆì¹­ë§Œ í•˜ê³  ìˆëŠ”ë° ì¶”ì²œí•´ì£¼ì‹¤ë§Œí•œ ì¢‹ì€ ë¬¼ê±´ì´ ìˆì„ê¹Œìš”???","https://images.unsplash.com/photo-1597460605033-6b2302cd79d8?q=80&w=3840&auto=format&fit=crop&ixlib=rb-4.1.0&ixid=M3wxMjA3fDB8MHxwaG90by1wYWdlfHx8fGVufDB8fHx8fA%3D%3D",true,2025-06-07T03:00:00.000Z,2025-06-07T03:00:00.000Z
67,í•œê°• ë¼ì´ë”© ì½”ìŠ¤ ì¶”ì²œë°›ì•„ìš”,123e4567-e89b-12d3-a456-426614170021,"ì¢‹ì€ ì½”ìŠ¤ ìˆì„ê¹Œìš”?","https://plus.unsplash.com/premium_photo-1685207267343-1c8852b45575?w=800&h=600&auto=format&fit=crop&ixlib=rb-4.1.0&ixid=M3wxMjA3fDB8MHxwaG90by1wYWdlfHx8fGVufDB8fHx8fA%3D%3D",true,2025-06-07T04:00:00.000Z,2025-06-07T04:00:00.000Z
68,ë¼ì´ë”© ì¥ë¹„ ë¦¬ë·°,123e4567-e89b-12d3-a456-426614170061,"ìƒˆë¡œ ì‚° ë¼ì´ë”© ì¥ë¹„ê°€ ì •ë§ ë§ˆìŒì— ë“¤ì–´ìš”.","https://plus.unsplash.com/premium_photo-1661964220280-d640498f9556?q=80&w=3870&auto=format&fit=crop&ixlib=rb-4.1.0&ixid=M3wxMjA3fDB8MHxwaG90by1wYWdlfHx8fGVufDB8fHx8fA%3D%3D",true,2025-06-07T05:00:00.000Z,2025-06-07T05:00:00.000Z
69,ë¼ì´ë”© í›„ê¸°,123e4567-e89b-12d3-a456-426614170071,"ë¼ì´ë”© ë™í˜¸íšŒ ë§ê³  ì˜¤ëŠ˜ì€ í˜¼ìì„œ ë¼ì´ë”© í•´ë´¤ì–´ìš”.","https://images.unsplash.com/photo-1632050592122-6b730e1ac63f?q=80&w=1843&auto=format&fit=crop&ixlib=rb-4.1.0&ixid=M3wxMjA3fDB8MHxwaG90by1wYWdlfHx8fGVufDB8fHx8fA%3D%3D",true,2025-06-07T06:00:00.000Z,2025-06-07T06:00:00.000Z
70,ê°•ì•„ì§€ ì‚°ì±… ê¿€íŒ ê³µìœ ,123e4567-e89b-12d3-a456-426614170081,"ê°•ì•„ì§€ ì‚°ì±…ì—ëŠ” ì—­ì‹œ ìì „ê±°ê°€ ì œì¼ ã…‹ã…‹","https://plus.unsplash.com/premium_photo-1683442814148-78aa260ac18e?q=80&w=3870&auto=format&fit=crop&ixlib=rb-4.1.0&ixid=M3wxMjA3fDB8MHxwaG90by1wYWdlfHx8fGVufDB8fHx8fA%3D%3D",true,2025-06-07T07:00:00.000Z,2025-06-07T07:00:00.000Z
71,ë¼ì´ë”© ì½”ìŠ¤ íƒë°©,123e4567-e89b-12d3-a456-426614170091,"ìƒˆë¡œìš´ ë¼ì´ë”© ì½”ìŠ¤ë¥¼ íƒë°©í–ˆìŠµë‹ˆë‹¤.","https://images.unsplash.com/photo-1598371391798-5a4a7e8b1393?q=80&w=3221&auto=format&fit=crop&ixlib=rb-4.1.0&ixid=M3wxMjA3fDB8MHxwaG90by1wYWdlfHx8fGVufDB8fHx8fA%3D%3D",true,2025-06-07T08:00:00.000Z,2025-06-07T08:00:00.000Z
72,í´ë¼ì´ë° ì²« ë„ì „ê¸°,123e4567-e89b-12d3-a456-426614170010,"í´ë¼ì´ë°ì— ì²« ë„ì „í–ˆëŠ”ë° ìƒê°ë³´ë‹¤ ì–´ë µë„¤ìš”. í•˜ì§€ë§Œ ì •ë§ ì¬ë¯¸ìˆê³  ì„±ì·¨ê°ì´ í½ë‹ˆë‹¤!",https://images.unsplash.com/photo-1601224748193-d810728a7cb6?w=800&h=600&fit=crop,true,2025-06-07T09:00:00.000Z,2025-06-07T09:00:00.000Z
73,í´ë¼ì´ë° ì‹¤ë ¥ í–¥ìƒ,123e4567-e89b-12d3-a456-426614170020,"í´ë¼ì´ë° ì‹¤ë ¥ì´ ì ì  ëŠ˜ê³  ìˆì–´ìš”.","https://images.unsplash.com/photo-1683009427041-d810728a7cb6?q=80&w=3623&auto=format&fit=crop&ixlib=rb-4.1.0&ixid=M3wxMjA3fDB8MHxwaG90by1wYWdlfHx8fGVufDB8fHx8fA%3D%3D",true,2025-06-07T10:00:00.000Z,2025-06-07T10:00:00.000Z
74,í´ë¼ì´ë° ì¥ë¹„ ë¦¬ë·°,123e4567-e89b-12d3-a456-426614170040,"ìƒˆë¡œ ì‚° í´ë¼ì´ë° ì¥ë¹„ê°€ ì •ë§ ë§ˆìŒì— ë“­ë‹ˆë‹¤.","https://plus.unsplash.com/premium_photo-1683380296123-cc7b39d70827?q=80&w=3874&auto=format&fit=crop&ixlib=rb-4.1.0&ixid=M3wxMjA3fDB8MHxwaG90by1wYWdlfHx8fGVufDB8fHx8fA%3D%3D",true,2025-06-07T11:00:00.000Z,2025-06-07T11:00:00.000Z
75,ì˜¤í´ì™„ ã…‹ã…‹,123e4567-e89b-12d3-a456-426614170050,"ì˜¤ëŠ˜ë„ í´ë¼ì´ë° ì™„ë£Œ","https://plus.unsplash.com/premium_photo-1683380297191-dcb78d5712ee?q=80&w=3930&auto=format&fit=crop&ixlib=rb-4.1.0&ixid=M3wxMjA3fDB8MHxwaG90by1wYWdlfHx8fGVufDB8fHx8fA%3D%3D",true,2025-06-07T12:00:00.000Z,2025-06-07T12:00:00.000Z
76,ì‹¤ë‚´ í´ë¼ì´ë°ì¥ì— ë‹¤ë…€ì™”ì–´ìš”,123e4567-e89b-12d3-a456-426614170060,"í™•ì‹¤íˆ í´ë¼ì´ë°í•˜ê³  ë‚˜ë©´ ì˜¨ëª¸ì´ ì•„íŒŒìš”.. ë‚´ì¼ì€ ì‰¬ì–´ì•¼ê² ìŠµë‹ˆë‹¤ ã… ","https://images.unsplash.com/photo-1520156557489-31c63271fcd4?q=80&w=3987&auto=format&fit=crop&ixlib=rb-4.1.0&ixid=M3wxMjA3fDB8MHxwaG90by1wYWdlfHx8fGVufDB8fHx8fA%3D%3D",true,2025-06-07T13:00:00.000Z,2025-06-07T13:00:00.000Z
77,íŠ¸ë ˆë“œë°€ ëŸ¬ë‹ í›„ê¸°,123e4567-e89b-12d3-a456-426614170070,"íŠ¸ë ˆë“œë°€ì—ì„œ ëŸ¬ë‹ì„ í•˜ë‹ˆ ë‚ ì”¨ì— ìƒê´€ì—†ì´ ìš´ë™í•  ìˆ˜ ìˆì–´ ì¢‹ì•„ìš”.","https://plus.unsplash.com/premium_photo-1683134587354-453eea03e1a5?w=800&h=600&auto=format&fit=crop&ixlib=rb-4.1.0&ixid=M3wxMjA3fDB8MHxwaG90by1wYWdlfHx8fGVufDB8fHx8fA%3D%3D",true,2025-06-07T14:00:00.000Z,2025-06-07T14:00:00.000Z
78,íŠ¸ë ˆë“œë°€ ìš´ë™ ë£¨í‹´,123e4567-e89b-12d3-a456-426614170080,"ì œê°€ í•˜ëŠ” íŠ¸ë ˆë“œë°€ ìš´ë™ ë£¨í‹´ì„ ê³µìœ í•©ë‹ˆë‹¤.","https://images.unsplash.com/photo-1638183395699-2c0db5b6afbb?q=80&w=3870&auto=format&fit=crop&ixlib=rb-4.1.0&ixid=M3wxMjA3fDB8MHxwaG90by1wYWdlfHx8fGVufDB8fHx8fA%3D%3D",true,2025-06-07T15:00:00.000Z,2025-06-07T15:00:00.000Z
79,íŠ¸ë ˆë“œë°€ ê¸°ë¡ ê°±ì‹ ,123e4567-e89b-12d3-a456-426614170090,"íŠ¸ë ˆë“œë°€ì—ì„œ ìµœê³  ì†ë„ ê¸°ë¡ì„ ê°±ì‹ í–ˆìŠµë‹ˆë‹¤!","https://plus.unsplash.com/premium_photo-1661595192663-71f7c5ae1b13?q=80&w=3871&auto=format&fit=crop&ixlib=rb-4.1.0&ixid=M3wxMjA3fDB8MHxwaG90by1wYWdlfHx8fGVufDB8fHx8fA%3D%3D",true,2025-06-07T16:00:00.000Z,2025-06-07T16:00:00.000Z
80,íŠ¸ë ˆë“œë°€ ê¸°ë¡ ê°œê°œê°œê°±ì‹ ,123e4567-e89b-12d3-a456-426614170099,"ì‹œì† 14ë¡œ 1ì‹œê°„ ë›°ì—ˆì–´ìš” ã…‹ã…‹","https://images.unsplash.com/photo-1648995361141-30676a75fd27?q=80&w=3988&auto=format&fit=crop&ixlib=rb-4.1.0&ixid=M3wxMjA3fDB8MHxwaG90by1wYWdlfHx8fGVufDB8fHx8fA%3D%3D",true,2025-06-07T17:00:00.000Z,2025-06-07T17:00:00.000Z